{
  "benchmark": "Sort",
  "framekit": {
    "name": "framekit-sort",
    "samplesMs": [
      57.295083,
      62.785584,
      34.270375,
      44.003583,
      27.859792,
      28.961125,
      29.986083,
      35.881916,
      34.377167,
      189.896375
    ],
    "medianMs": 34.377167,
    "p95Ms": 189.896375
  },
  "arquero": {
    "name": "arquero-sort",
    "samplesMs": [
      0.562541,
      0.448083,
      0.180667,
      0.115291,
      0.123625,
      0.417166,
      0.199792,
      0.16275,
      0.076625,
      0.057
    ],
    "medianMs": 0.16275,
    "p95Ms": 0.562541
  },
  "relative": 211.22683256528418
}
