{
  "benchmark": "Join",
  "framekit": {
    "name": "framekit-join",
    "samplesMs": [
      20.0165,
      27.691125,
      25.590583,
      19.074875,
      18.72575,
      21.585334,
      19.298959,
      20.444416,
      22.449,
      21.581209
    ],
    "medianMs": 20.444416,
    "p95Ms": 27.691125
  },
  "arquero": {
    "name": "arquero-join",
    "samplesMs": [
      61.544708,
      74.671375,
      69.871833,
      103.750417,
      125.233208,
      36.977334,
      26.961209,
      27.839375,
      71.435208,
      24.051875
    ],
    "medianMs": 61.544708,
    "p95Ms": 125.233208
  },
  "relative": 0.33218804125287266
}
