{
  "benchmark": "GroupBy",
  "framekit": {
    "name": "framekit-groupby",
    "samplesMs": [
      8.849209,
      12.4195,
      10.244708,
      23.237417,
      7.458625,
      11.286666,
      23.699791,
      9.100416,
      11.637083,
      25.348708
    ],
    "medianMs": 11.286666,
    "p95Ms": 25.348708
  },
  "arquero": {
    "name": "arquero-groupby",
    "samplesMs": [
      5.44525,
      6.571333,
      7.1985,
      9.935333,
      5.976417,
      6.184959,
      6.531917,
      5.833417,
      6.771209,
      6.137916
    ],
    "medianMs": 6.184959,
    "p95Ms": 9.935333
  },
  "relative": 1.8248570443231718
}
