{
  "benchmark": "Window",
  "framekit": {
    "name": "framekit-window",
    "samplesMs": [
      36.082792,
      39.612834,
      23.493709,
      44.143875,
      28.734292,
      24.439667,
      19.071125,
      18.148791,
      15.42575,
      21.171208
    ],
    "medianMs": 23.493709,
    "p95Ms": 44.143875
  },
  "arquero": {
    "name": "arquero-window",
    "samplesMs": [
      2.705958,
      1.605291,
      1.495791,
      1.986958,
      1.490042,
      2.299875,
      2.748542,
      2.867584,
      1.417417,
      1.387292
    ],
    "medianMs": 1.605291,
    "p95Ms": 2.867584
  },
  "relative": 14.635171442436294
}
