{
  "benchmark": "Reshape",
  "framekit": {
    "name": "framekit-reshape",
    "samplesMs": [
      17.221125,
      17.257708,
      17.553375,
      24.229916,
      23.487459,
      13.017959,
      18.217208,
      12.844416,
      14.921875,
      21.99475
    ],
    "medianMs": 17.257708,
    "p95Ms": 24.229916
  },
  "arquero": {
    "name": "arquero-reshape",
    "samplesMs": [
      293.246916,
      93.129667,
      89.68875,
      63.426125,
      73.980709,
      50.026792,
      47.35725,
      68.430542,
      65.656333,
      36.595916
    ],
    "medianMs": 65.656333,
    "p95Ms": 293.246916
  },
  "relative": 0.26284909941589335
}
