{
  "benchmark": "Reshape",
  "framekit": {
    "name": "framekit-reshape",
    "samplesMs": [
      18.761875,
      17.795916,
      31.889792,
      21.415667,
      62.384834,
      17.617041,
      13.933458,
      13.962792,
      18.459417,
      11.230291
    ],
    "medianMs": 17.795916,
    "p95Ms": 62.384834
  },
  "arquero": {
    "name": "arquero-reshape",
    "samplesMs": [
      93.639083,
      37.609125,
      43.626375,
      37.911042,
      53.779667,
      40.052375,
      45.131709,
      41.291125,
      30.687834,
      27.333792
    ],
    "medianMs": 40.052375,
    "p95Ms": 93.639083
  },
  "relative": 0.44431612357569306
}
