{
  "benchmark": "Filter",
  "framekit": {
    "name": "framekit-filter",
    "samplesMs": [
      4.06075,
      3.398292
    ],
    "medianMs": 3.398292,
    "p95Ms": 4.06075
  },
  "arquero": {
    "name": "arquero-filter",
    "samplesMs": [
      6.41925,
      3.644458
    ],
    "medianMs": 3.644458,
    "p95Ms": 6.41925
  },
  "relative": 0.9324547024550701
}
