{
  "benchmark": "Sort",
  "framekit": {
    "name": "framekit-sort",
    "samplesMs": [
      26.235625,
      25.561959,
      37.304166,
      24.06825,
      23.71775,
      23.115583,
      27.236375,
      29.016334,
      31.08775,
      23.6255
    ],
    "medianMs": 25.561959,
    "p95Ms": 37.304166
  },
  "arquero": {
    "name": "arquero-sort",
    "samplesMs": [
      52.397166,
      98.169541,
      101.209583,
      63.82375,
      93.955,
      38.514167,
      34.628667,
      50.699167,
      30.6215,
      25.955958
    ],
    "medianMs": 50.699167,
    "p95Ms": 101.209583
  },
  "relative": 0.5041889347018266
}
