{
  "benchmark": "Window",
  "framekit": {
    "name": "framekit-window",
    "samplesMs": [
      20.310958,
      20.471333,
      23.896084,
      29.866208,
      22.704708,
      23.599209,
      22.283834,
      22.504,
      21.024125,
      20.452958
    ],
    "medianMs": 22.283834,
    "p95Ms": 29.866208
  },
  "arquero": {
    "name": "arquero-window",
    "samplesMs": [
      180.318125,
      126.291584,
      85.82325,
      63.575375,
      58.540375,
      58.058625,
      75.495834,
      64.106791,
      71.159833,
      51.866584
    ],
    "medianMs": 64.106791,
    "p95Ms": 180.318125
  },
  "relative": 0.34760488947263013
}
