{
  "benchmark": "GroupBy",
  "framekit": {
    "name": "framekit-groupby",
    "samplesMs": [
      4.029625,
      4.1085,
      6.085666,
      4.986083,
      4.905708,
      3.649292,
      3.869417,
      3.967417,
      3.541958,
      3.354958
    ],
    "medianMs": 3.967417,
    "p95Ms": 6.085666
  },
  "arquero": {
    "name": "arquero-groupby",
    "samplesMs": [
      4.902375,
      5.478875,
      5.325417,
      4.916917,
      5.127625,
      5.122708,
      5.298917,
      5.067459,
      4.808917,
      4.870917
    ],
    "medianMs": 5.067459,
    "p95Ms": 5.478875
  },
  "relative": 0.7829203946198676
}
