{
  "benchmark": "Filter",
  "framekit": {
    "name": "framekit-filter",
    "samplesMs": [
      26.922792,
      37.647209,
      28.402958,
      25.799,
      30.31,
      24.753041,
      24.8265,
      22.027167,
      37.489292,
      32.709667
    ],
    "medianMs": 26.922792,
    "p95Ms": 37.647209
  },
  "arquero": {
    "name": "arquero-filter",
    "samplesMs": [
      90.310333,
      72.460666,
      104.188792,
      36.305209,
      41.267625,
      43.312458,
      36.634208,
      28.062708,
      29.420834,
      23.620083
    ],
    "medianMs": 36.634208,
    "p95Ms": 104.188792
  },
  "relative": 0.7349085313922987
}
