{
  "benchmark": "Join",
  "framekit": {
    "name": "framekit-join",
    "samplesMs": [
      77.407583,
      30.68675,
      32.648375,
      27.250666,
      37.573958,
      24.730542,
      40.413083,
      198.521958,
      88.128916,
      42.95275
    ],
    "medianMs": 37.573958,
    "p95Ms": 198.521958
  },
  "arquero": {
    "name": "arquero-join",
    "samplesMs": [
      15.134125,
      14.784042,
      21.308958,
      15.718625,
      11.914083,
      23.981417,
      9.013167,
      10.761083,
      9.160375,
      9.272291
    ],
    "medianMs": 11.914083,
    "p95Ms": 23.981417
  },
  "relative": 3.1537431793953425
}
