{
  "benchmark": "Filter",
  "framekit": {
    "name": "framekit-filter",
    "samplesMs": [
      7.535708,
      14.947125,
      14.461667,
      4.331125,
      4.32775,
      4.418625,
      6.093792,
      5.218667,
      4.9715,
      5.661
    ],
    "medianMs": 5.218667,
    "p95Ms": 14.947125
  },
  "arquero": {
    "name": "arquero-filter",
    "samplesMs": [
      0.902541,
      1.783708,
      1.682792,
      1.795958,
      1.610167,
      2.013167,
      1.345125,
      0.626417,
      0.43775,
      0.614709
    ],
    "medianMs": 1.345125,
    "p95Ms": 2.013167
  },
  "relative": 3.879689248211133
}
